source,target,labels
1192880,1245611,False
372775,47462,False
1171864,1851718,True
410597,625748,False
998018,119791,True
638366,903327,False
2205219,1185471,True
961952,170414,True
1474397,1596201,False
209964,1229580,False
1423842,1751486,False
937867,1939094,False
832711,1074308,False
960498,1435369,True
981552,1545299,False
746277,2117503,True
2235926,455137,True
2201198,1322223,True
413915,1278906,True
926358,1791900,True
1585504,1774818,False
1878797,1973014,True
1940192,1116935,True
1298473,2172749,False
1638159,2215287,False
1363490,1959264,True
775142,594119,True
1735292,740907,True
848610,1206089,False
2187930,1079199,True
336533,1627766,False
890340,2033038,True
316315,594456,False
1480098,1647743,False
112257,1849101,False
1833083,301217,True
19049,248630,False
995275,548044,True
1638006,2053161,False
212152,1320321,False
1566305,1596746,False
2186876,673944,True
1375944,121295,True
845342,1932204,False
2056811,644703,True
1366850,1765608,False
701008,726695,False
534253,1429740,True
415688,2041195,False
1981411,654219,True
311125,1846336,True
192923,1998937,False
1744063,1871184,True
819361,1273169,False
974559,2162302,False
1338248,2163002,False
386969,945739,True
999391,2213727,True
423745,2266710,True
648618,845161,False
2052071,2245910,True
2228936,797817,True
549329,1146378,True
352954,836242,False
530750,328248,True
793032,832461,False
1036972,686893,True
1304328,230959,True
2191300,1213962,True
1558427,1858643,False
1027999,1813278,False
580503,1521671,False
628035,2195488,False
693259,989664,False
492113,1762361,False
1147867,1545603,False
1358651,1384896,False
1373950,1201956,True
799518,1398102,False
754015,1439660,False
2167101,751668,True
767625,919312,False
274197,156593,True
284555,1212993,True
546494,1582091,True
677051,2276669,True
540055,1756710,False
1447028,1993933,False
2157972,1119440,True
2152259,625723,True
779690,553430,True
472502,1642978,False
952812,2284054,True
257754,1098459,False
631595,1352770,False
1550877,468754,True
377200,1469739,False
1277516,212728,True
551750,595393,False
1491556,1906510,False
1447684,1818262,True
1338111,1249855,True
1461522,2265267,False
177594,1414541,False
1134366,1208024,False
707833,861957,True
1104164,1559166,False
824992,395979,True
294364,1516858,True
297692,2001183,False
230694,848008,False
1260619,1685120,False
355306,823480,False
1207467,1776864,False
444362,2290437,False
485249,2142606,False
957066,1561689,False
162906,1467450,True
1231250,1397052,False
746746,539946,True
136239,1942130,False
174556,1540934,False
763238,2131219,False
472747,1270737,False
2087345,212424,True
593197,644686,False
177111,1660940,False
2133730,783605,True
890004,1073074,False
985011,1113672,False
1794646,350104,True
1490185,2086095,False
531611,486315,True
931212,1823218,True
457370,1729065,True
1390157,1611090,False
843825,2012248,False
339393,2039182,True
1388684,1225575,True
433967,1259595,True
21268,804411,False
1859798,2129729,False
977987,1291334,True
1442623,2136341,False
1105501,1176133,False
360988,997669,False
127348,1735011,False
66879,1444238,True
1483145,1736643,False
1335597,663151,True
919494,1442623,False
116024,1934051,True
2115946,2222798,False
547554,1201369,False
833975,1745196,False
1187768,2125290,True
1249455,1793196,True
644020,558748,True
708921,2276075,True
980272,1884069,False
256519,1221033,False
715765,958365,False
1007465,1495101,False
128514,371800,True
174808,39288,True
666351,1345618,False
376026,1605364,True
1415936,1445703,True
2287569,355527,True
621183,760424,False
369894,1263229,False
1399102,1462907,False
1187001,2086988,False
2214674,1291584,True
135293,1013046,True
217924,2142326,False
1472979,1464669,True
1657046,123650,True
1595303,2078143,True
1383433,679580,True
288092,1939621,False
490040,1033013,True
957084,2068846,False
838138,2145137,False
371367,2268228,True
248970,121676,False
1234469,335120,True
404305,1181786,False
1500840,2238276,True
863783,2049462,True
66879,1860611,False
624419,1170415,False
637598,1182831,False
1996549,1148450,True
129765,148688,False
1464351,2278602,True
1477057,666645,True
267148,1132024,False
90979,1923743,False
591630,1751457,True
1491995,1564228,False
1641220,600290,True
160794,1511193,False
1169100,1703705,True
1084850,1846422,False
314065,550771,False
371718,438429,False
1686090,1425104,True
327054,1390771,False
654980,2014834,False
495834,524637,False
761381,1347886,False
755035,1643120,True
2155319,630885,True
124407,1162788,True
579292,1831073,False
890500,545378,True
1333393,2029463,False
1589134,1173340,True
2110449,2161952,True
1173224,1767283,True
1281795,1779130,False
709012,1074308,False
1783222,1619049,True
1557666,71145,True
48233,2235403,True
2276158,247388,True
756140,1335543,False
310292,2284526,False
76259,1149499,False
919312,1765738,True
1131419,2221883,False
48189,1494365,False
477395,1016602,False
1435121,1714659,False
478026,2220724,False
1868305,2195130,False
868325,1204722,True
1408491,976130,True
556840,176166,True
216112,2264120,False
1797158,880505,True
729413,1429181,False
1429181,1508700,False
1179925,1252059,False
981331,1968186,False
433795,1660964,True
1602160,899390,True
806966,1154565,True
147493,1509932,False
729413,1340344,False
2174631,156738,True
449146,2262181,False
1010807,1239342,True
711441,1937036,False
598767,699822,True
203188,1157267,False
341153,928857,False
1342680,520563,True
274665,1434670,True
841555,867824,False
1245701,2124250,True
2159262,2222211,True
470174,1165343,False
1944736,1950058,False
1073304,849895,True
1478604,1386022,True
466418,1335453,True
1565680,1930950,False
1763316,1998553,False
618659,1487703,False
786973,778495,True
326373,1694993,False
1919528,1450431,True
421625,2165408,False
358871,1130338,False
1381181,2034403,False
507666,1008697,True
1024275,1831061,False
1069484,2034997,False
2160458,1067250,True
223952,733292,False
189141,1763316,False
1103343,2165113,False
857813,2249770,True
1867087,2222151,False
683573,2049126,False
500325,1349534,True
458847,758211,False
745174,850129,True
121962,1033536,False
1299096,2280159,False
111202,2267431,False
614733,71239,True
511092,2022136,False
1045727,1912090,True
640670,1366658,False
179507,1956012,False
771871,696190,True
101248,2046019,True
1766630,1956059,True
87696,794754,True
491090,1846153,False
2290693,1663478,True
1425195,2038165,False
995725,1626652,True
1325988,1904157,False
720118,1200586,True
464672,2053249,False
264972,77173,True
75861,1504820,False
105894,483336,False
2021088,594976,True
368301,609219,False
1958372,1610650,True
60374,1906918,True
89335,749139,True
189137,2222151,False
1530801,425517,False
952887,1848969,False
354286,1513658,False
1574875,1620427,False
354286,797728,False
1272081,1000076,True
1901197,820034,True
1420138,55876,True
1616427,1786896,True
1449469,1699065,False
454796,1142005,False
800540,1803449,True
1749383,720993,True
1508399,1450264,True
206730,1248683,False
333440,712285,True
138299,1273600,True
1309863,1449762,True
1102231,161815,True
1661512,77921,False
808292,582042,True
1045840,1252383,True
133097,304047,True
2224049,16040,True
749541,782101,False
116177,446403,True
1043832,95133,True
548850,1918690,True
1169809,1237324,False
498236,16413,True
415271,1610273,True
845817,76440,True
406740,1948303,False
287255,89315,True
111894,1497066,True
737278,767818,True
1397052,2034949,False
692998,1306760,True
671704,1700079,True
2289358,1983440,True
959444,145275,True
1934022,1065309,True
684484,1461522,False
1004313,827196,True
1959659,1090922,True
579326,2039528,False
1036494,1187906,True
204529,1017840,False
392672,1002059,False
553886,1787313,False
803884,2106281,True
302402,1512332,False
886420,1029507,False
1435937,1554204,False
1985247,1670802,True
956009,536295,True
827480,2162302,False
1980215,1273839,False
433636,1342922,False
222588,1716478,False
399169,455685,True
460185,873101,False
1326191,1630429,False
1919682,2172905,True
2094443,447258,True
1026414,604462,True
2255334,551994,False
2077335,1409340,True
1803764,1409094,True
112513,392522,False
760424,2216785,False
1542237,885446,True
259141,2012542,True
481496,1064694,False
246307,466472,True
49023,1468234,False
1053100,1254122,True
312468,1076621,False
2258603,706104,True
2106663,2267967,True
323549,2023291,False
919312,1636716,False
1609109,1590055,True
419778,1553373,False
1518310,1822578,False
2121031,203133,True
466242,1223572,True
380362,1565680,False
1582685,494082,True
1069139,1333393,False
929295,942240,False
839073,1674829,True
47088,554615,False
1072414,1841285,True
130611,1881698,False
2252519,1134825,True
1627996,1893922,True
391,2242911,False
816035,1493683,False
763238,1870413,False
1902124,1282240,True
1300315,1757224,False
626376,945861,False
1002385,2262181,False
1147391,2288405,True
736539,2102305,False
1962727,688018,True
421629,1548978,False
1187105,1403351,False
528648,1398102,False
402006,2217952,True
455140,688850,False
207737,2127275,True
374346,1770803,False
2172436,602870,True
1740709,1927012,False
225375,610088,False
496321,220133,False
1059037,1389053,False
409255,781228,False
387995,1980220,True
1182831,1226502,False
2071103,1885420,True
1605943,1715852,True
611882,803805,True
830218,1569955,False
556498,837633,False
590660,2204948,True
597952,480408,True
1763341,709006,True
1444238,2032214,False
2103942,1753696,True
852056,956979,False
257465,614520,False
1902364,978053,True
1186919,1770413,False
511346,1730025,False
594101,1332619,False
1862563,1612459,False
720250,1212170,True
913947,2184712,False
126680,1638006,False
30138,417979,False
337477,1552285,False
234363,816035,False
290786,336514,True
1532288,1879878,True
906067,1141978,False
1801794,1879990,True
597824,283901,True
1444238,2150517,False
298696,840924,False
15277,2116670,False
1700601,1463483,True
803236,356381,True
1482837,253958,True
1470489,1773110,False
740040,1204825,True
367823,2255640,False
180679,1285075,False
138495,2038113,True
1682784,239129,True
271273,1078571,False
918559,2228546,False
2142606,2228238,False
43911,1998766,True
251256,622038,False
558381,1049810,True
84763,1585866,True
593163,814544,False
500449,2096027,True
452902,1737700,False
262472,2053645,False
465125,2042949,False
766313,1023234,False
755204,2187346,True
1275544,309699,True
326467,2041161,False
425029,2053249,False
1175059,2265316,True
906034,480546,True
1101049,1778920,False
1657526,855529,True
683683,1734712,True
1235841,1512332,False
1730522,1802810,False
1220012,1326445,False
1120464,2184444,False
1617297,881830,True
763238,1612406,False
152593,822042,False
796463,2260900,False
379197,1460709,False
103155,1608245,False
814258,2205613,False
1095955,1509190,False
1744484,979749,True
1827246,1335771,True
662405,1528740,True
1534472,1074047,True
616893,994685,True
30789,2146827,False
123352,1490300,True
237673,1916509,True
2147073,80081,False
732896,1074177,True
1278711,877502,True
773780,1329760,False
1378915,2016058,True
489180,209145,False
820075,1322589,False
191544,2148077,False
174655,753410,False
957066,1509463,False
1039672,2217227,True
636849,1470083,False
564955,1551033,True
533098,1648009,False
417381,1005424,False
841987,1508782,True
2239822,542548,True
2045366,1955621,True
2100443,418075,True
391218,2042269,True
397046,1720603,True
87147,157797,True
204626,787375,False
504455,356668,False
349535,1779130,False
21100,1564189,False
1052236,1888869,False
1511570,369487,True
164336,2091318,False
388903,1511079,True
530068,1914063,False
660727,1770413,False
176065,802047,False
714071,2230276,False
202179,2270690,True
908773,2025705,False
56029,576253,False
1289005,2011543,False
253825,1172621,False
468390,1439494,True
362128,1894880,True
242372,1509100,True
1009725,2005023,False
1187001,1667789,False
1239602,434042,True
2244392,256264,True
35251,1484547,False
1599491,934432,True
1771758,1381864,True
1052632,1684664,True
1167048,1194772,True
180304,797323,True
828779,1102197,False
108632,1092314,False
1195711,1492564,False
1657829,833413,True
1679104,1015670,True
2069068,1903099,True
1061792,455118,True
805541,2278594,False
369861,1967549,False
1886718,2115424,True
462653,1453798,False
152706,1457107,False
1055408,1649798,True
10030,716220,True
458250,1325988,False
1060334,2112737,False
623117,1688522,True
171565,497047,False
1250174,1977295,False
744078,1996410,True
1702366,2157018,False
1612503,998777,True
1149726,1366478,False
1237285,2272021,True
357873,2133040,True
688308,1423701,False
1598989,2233019,False
815207,1778445,True
1380757,2268894,False
605334,1966841,True
622598,1434655,True
355141,2170804,False
452908,2163581,False
2157825,2280834,False
747070,2189270,True
1191470,1778992,False
1802316,787717,True
799100,1550187,False
968164,2035891,False
654120,1525473,True
272360,1899436,False
505058,1332694,False
508286,553413,False
2213719,459362,True
1348314,1586201,True
361816,570019,True
321247,495476,False
894535,1069047,True
383821,1310778,True
1898080,688898,True
1096126,1197874,True
1964483,1898976,True
1528816,343364,True
1289734,1362729,False
1990237,613287,True
1650125,1491749,True
121777,844360,False
640465,1868806,False
1028978,1845612,False
290720,1310586,False
201965,1338606,False
278977,1573392,False
1435406,1506188,True
940004,1194801,False
1705417,974732,True
382210,671693,False
29340,262061,True
858229,157831,True
1764889,793721,True
1095964,1633638,True
428419,1676531,False
568123,1834368,True
1494720,1853357,False
1710212,1987278,False
328229,171843,True
258010,1115875,False
267454,1222314,False
152982,923239,False
789930,1031009,False
654980,1735011,False
1457267,2292155,True
1875049,1937313,True
1218137,1695063,False
380362,1141311,False
1102342,1905352,False
184856,1999085,True
1433536,2202462,True
101492,1457336,False
568123,981331,False
1255645,1829995,False
1901444,2097900,False
760424,1998500,False
624220,2280159,False
19909,534256,False
1670758,899989,True
487358,1118934,True
1280927,1657580,False
353141,1266428,True
1072761,2173000,True
566018,793218,True
1683533,1333897,True
2251880,2077280,True
1808567,1412134,True
362359,1202869,True
1472045,1739805,False
1747893,761347,True
1556085,2026320,True
1967549,2106200,False
997055,1921610,True
1024984,636005,False
1692511,740814,True
1801576,689471,True
820485,1561659,False
2222966,92404,False
1914676,2073552,False
525333,1803673,True
130884,1822219,True
116609,1365112,False
1621675,684029,True
29703,1167567,True
2225090,794608,True
298211,1782851,True
1346127,954185,True
572361,711515,False
1120223,1155224,True
275425,769657,False
323371,1759487,False
1410307,2155534,False
613004,1458734,True
1762361,2228238,False
1219886,281366,True
814612,2216552,False
1047962,2131466,False
282850,935173,False
791403,1754976,True
837117,2011343,False
926698,1109512,False
938497,180871,True
1235832,1461672,False
1223093,1807200,False
682184,1332001,False
1446219,2095708,False
670981,365245,False
15938,669844,False
1130586,1297905,False
1939494,454015,True
266798,1220276,False
416014,1264706,False
974606,1613692,False
1036126,1553831,False
565768,1231412,True
353155,675013,False
1817064,1013320,True
922223,1952918,True
1924115,744589,True
598903,678204,False
940769,1762759,True
1492213,1888097,False
426092,1948467,False
1526087,1694548,False
1227404,1744851,False
935254,256851,True
2082848,1070412,True
948215,334479,True
2113404,53187,True
827984,1613444,True
1026208,2105451,False
337492,784037,False
1169288,2124030,True
193870,2043799,False
975464,1076497,False
536992,2063997,False
425222,643405,True
983665,128375,True
2211623,868739,False
1542232,1424684,True
799100,1397362,False
67263,1449469,False
430872,706204,True
619161,1612485,False
19014,255402,False
83806,1851997,False
764009,1430691,True
528981,2145699,False
186602,832047,False
1161539,2237090,True
294727,1565729,False
224666,1113672,False
349347,2045437,False
1233929,861176,True
1253850,319498,True
756651,2267183,False
349238,641121,True
1160625,2216528,False
515251,577832,False
1048110,1816909,True
1351536,2022566,False
18310,732477,True
1770472,2261613,False
1590004,1266667,True
370480,408771,False
696336,1085416,False
2104335,1340323,True
1496795,1765645,False
2038373,1097432,True
846199,2165303,True
2209494,1618164,False
673702,1447510,False
2256494,597273,True
315607,57678,True
1057873,1619981,False
1479982,1811600,True
1501786,1978054,False
2065658,794061,True
1910624,1460539,True
1330369,2043586,False
607448,1621767,False
211395,450723,True
649236,1207512,True
1052648,1384896,False
1242818,2057315,False
307896,636724,True
1802647,1561208,True
862588,1145998,False
192902,1090685,True
222662,873101,False
723722,2112737,True
58324,2065317,False
1902234,2109399,True
459336,447721,True
759055,1607760,False
1051167,1182126,False
1489313,1416733,True
1117801,1347161,False
966050,2115108,False
83806,1184614,False
86285,1421389,False
697000,871218,True
2039714,294909,True
601216,804820,False
117993,1213647,False
246317,348432,False
114086,1921821,True
2205142,2272366,False
2019933,570474,True
713819,1947056,False
106041,647501,False
360912,2216630,False
1144487,1435109,False
409671,576194,False
465168,819482,False
1902140,914239,True
1152058,2190061,False
800850,1967526,True
1533821,1707341,True
129474,1688763,False
1844428,2174885,True
1972865,2108610,False
1293083,175267,True
656239,51470,True
902665,1256296,False
2027661,2117584,False
721469,1959084,False
411324,629666,False
2283957,867694,True
696220,778808,True
539487,1772299,False
1197181,423332,True
1593803,2249770,True
947401,1788140,True
902702,397311,True
116609,2015619,False
633659,804820,False
438268,765598,False
280037,1298473,False
108755,1623548,True
1658025,2245550,True
1521648,98927,False
646089,639481,True
226690,646645,True
923819,1474227,True
98358,135072,True
567195,2020204,False
1477000,771882,True
1371161,2008250,False
930711,1880986,False
1369163,1831061,False
2019433,1320719,True
1019503,7586,True
262538,1131479,True
1871710,591332,False
1243238,556942,True
681380,2065652,True
1014437,2253116,False
1091020,450958,True
1207974,1007888,True
1266252,1955425,False
336110,1536703,False
1134242,1729902,True
134576,2232163,False
1602434,2221859,False
54915,1792992,True
1740880,1998725,True
1132024,1144587,False
659533,376299,True
911388,1204420,False
286799,1309501,True
1047338,554708,True
1017028,2044485,False
937992,1130379,False
1713096,911469,True
79133,1788202,False
586738,603075,True
1908847,1943984,True
726711,1089763,True
2286486,1292338,False
41747,1032694,True
905412,987342,True
1586675,2078178,False
1027729,1451353,False
2273275,2005642,True
771202,1432495,False
1536675,2157190,True
1155286,1002149,False
932856,958229,False
128414,1354577,True
21350,147493,False
382582,889495,False
238309,1972998,False
1220012,2168250,False
298892,335929,False
15166,1690859,False
657676,1731502,True
346418,1004018,False
1041139,988646,True
2112756,1921793,True
5837,2070378,False
1954777,36424,True
1347250,2171291,True
1392140,2169270,False
572260,791389,False
89953,1004536,False
1976604,1847898,True
126853,1714035,True
584115,2273501,False
1480397,1186582,True
1250969,1224816,True
210356,900309,False
515648,437973,True
130787,1559166,False
809693,1222539,False
127888,919793,True
17653,1194585,True
496338,2191293,False
1721335,1893875,True
1622728,1970930,False
158907,638366,False
433636,859544,False
1038360,1674666,False
2255470,1785127,True
527123,306850,True
2292706,65090,True
641858,1004506,False
166781,657169,False
1374874,460655,False
1295895,969557,True
233726,250735,False
56656,733278,True
38419,1194428,True
1117686,1959448,False
339802,2012959,True
801032,1510458,True
1761507,174472,True
1904755,455648,True
1786566,404197,True
1470248,185277,True
973309,1449469,False
1143322,1746146,False
232850,1541224,False
770395,1002111,False
552159,1255645,False
1438100,1880994,True
781228,848148,False
400198,102841,True
1412231,2171866,False
935141,177427,True
1206680,895946,False
234363,725665,False
1779804,1017467,True
477796,880455,True
1203895,1868305,False
84314,1226531,False
330013,426092,False
2250874,1071300,True
786212,1048171,False
1206801,1764234,True
1840868,1023449,True
49023,1947568,False
1579260,1700758,False
419210,1256601,False
1668246,1987278,False
965769,1377687,False
1895591,1128366,True
643690,1685042,False
1221995,1511212,True
129436,225201,True
1457,1645715,True
64057,1695904,False
1467652,1692476,True
660171,2188518,True
400974,624943,False
108721,1901518,True
1160594,1586317,True
354070,163089,True
638561,1973126,False
734379,209702,True
120955,1916972,False
908773,2252673,False
1828557,1856532,False
1225303,1185844,True
850693,361980,True
746283,1124006,False
1760293,658554,True
146420,1432044,False
232228,1622720,False
2235801,1088240,True
